id,item.cfg name (server),effective bonuses A=stab/slash/crush/mag/rng D=... S P,ign.cols,shop price,slot,reqs,weapon: anims/spec,sellable,obtainable via,real RS item (RS2 id),OSRS id,OSRS models (2021 cache),conf / notes
10717,Prayer Cape,A 0/0/0/0/0 D 0/0/0/0/0 S 0 P 0,0 0 0 0 0,100000,weapon,-,atk806 st808 wk819 rn824,0,none (only ::pickup),Prayer cape(t) (RS2 9760),9760,inv 19061 / male 18945 / female 18983,H pack-1 alias (GetCL*/Item4.fullHelm/item.cfg 10717-10718)
10718,Prayer Hood,A 0/0/0/0/0 D 0/0/0/0/0 S 0 P 0,0 0 0 0 0,100000,weapon(fullhelm),-,atk806 st808 wk819 rn824,0,none (only ::pickup),Prayer hood (RS2 9761),9761,inv 19058 / male 18914 / female 18967,H pack-1 alias (GetCL*/Item4.fullHelm/item.cfg 10717-10718)
11138,3rd Age Robetop,A 0/0/0/0/0 D 0/0/0/0/0 S 0 P 0,0 0 0 0 0,1000000,weapon(plate),-,atk806 st808 wk819 rn824,0,none (only ::pickup),3rd age robe top (RS2 10338),10338,"inv 20245 / male 20160,20124 / female 20207,20173",H pack-1 alias
11139,3rd Age Robe,A 0/0/0/0/0 D 0/0/0/0/0 S 0 P 0,0 0 0 0 0,900000,weapon,-,atk806 st808 wk819 rn824,0,none (only ::pickup),3rd age robe (RS2 10340),10340,inv 20244 / male 20143 / female 20191,H pack-1 alias
13595,Bronze Defender,A 0/0/0/0/0 D 0/0/0/0/0 S 1 P 0,0 0 0 0 0,30000,shield,-,,0,"shop51 ""Pure Shop"" [1699 Ghost shopkeeper] stock 50",Bronze defender (RS2 8844),8844,inv 15335 / male 15413 / female 42629,H
13596,Iron Defender,A 0/0/0/0/0 D 0/0/0/0/0 S 1 P 0,0 0 0 0 0,50000,shield,-,,0,"shop51 ""Pure Shop"" [1699 Ghost shopkeeper] stock 50",Iron defender (RS2 8845),8845,inv 15335 / male 15413 / female 42629,H
13597,Steel Defender,A 0/0/0/0/0 D 0/0/0/0/0 S 1 P 0,0 0 0 0 0,121222,shield,def 5,,0,"shop51 ""Pure Shop"" [1699 Ghost shopkeeper] stock 50",Steel defender (RS2 8846),8846,inv 15335 / male 15413 / female 42629,H
13598,Black Defender,A 0/0/0/0/0 D 0/0/0/0/0 S 2 P 0,0 0 0 0 0,32432,shield,-,,0,"shop51 ""Pure Shop"" [1699 Ghost shopkeeper] stock 50",Black defender (RS2 8847),8847,inv 15335 / male 15413 / female 42629,H
13599,Mithril Defender,A 0/0/0/0/0 D 0/0/0/0/0 S 3 P 0,0 0 0 0 0,99554,shield,def 20,,0,"shop51 ""Pure Shop"" [1699 Ghost shopkeeper] stock 50",Mithril defender (RS2 8848),8848,inv 15335 / male 15413 / female 42629,H
13600,Adament Defender,A 0/0/0/0/0 D 0/0/0/0/0 S 5 P 0,0 0 0 0 0,145321,shield,-,,1,"shop51 ""Pure Shop"" [1699 Ghost shopkeeper] stock 50",Adamant defender (RS2 8849),8849,inv 15335 / male 15413 / female 42629,H
13601,Rune Defender,A 0/0/0/0/0 D 0/0/0/0/0 S 10 P 10,0 10 10 0 0 0,334222,shield,-,,1,"shop33 ""Allstar's Pking Shop"" [2167 Customer] stock 100; shop49 ""Allstar's Pk Shop"" [550 Lowe] stock 100; shop51 ""Pure Shop"" [1699 Ghost shopkeeper] stock 50",Rune defender (RS2 8850),8850,inv 15335 / male 15413 / female 42629,H
13640,Black Mask,A 0/0/0/0/0 D 1/2/3/4/5 S 6 P 9,8 7,30000000,hat,-,,0,"shop64 ""Slayer Shop"" [538 Peksa] stock 100",Black mask (RS2 8921),8921,inv 15615 / male 15935 / female 15946,H
14023,Proselyte tasset,A 0/0/0/0/0 D 0/0/0/0/0 S 2 P 5,0 10 0 0 0,716321,legs,-,,0,"shop54 ""God Armor Shop"" [1917 Bandit shopkeeper] stock 100",Proselyte tasset (RS2 9678),9678,inv 4208 / male 4206 / female 4207,H
14073,Att Cape,A 7/7/7/0/0 D 0/0/0/0/0 S 4 P 0,0 0 0 0 0,100000,cape,att 99,,0,"shop61 ""Skill Cape Shop"" [555 Shop keeper] stock 100; levelup Attack>=99",Attack cape (RS2 9747),9747,inv 19047 / male 18920 / female 18969,H
14074,Att Cape (t),A 7/7/7/0/0 D 0/0/0/0/0 S 4 P 0,0 0 0 0 0,200000,cape,att 99,,0,"shop61 ""Skill Cape Shop"" [555 Shop keeper] stock 100; levelup Attack>=99",Attack cape(t) (RS2 9748),9748,inv 19047 / male 18920 / female 18969,H
14075,Att Hood,A 2/2/2/0/0 D 0/0/0/0/0 S 1 P 0,0 0 0 0 0,100000,hat(mask),att 99,,0,"shop62 ""Hood Shop"" [561 Shop keeper] stock 100; levelup Attack>=99",Attack hood (RS2 9749),9749,inv 19058 / male 18914 / female 18967,H
14076,Str Cape,A 0/0/0/0/0 D 0/0/0/0/0 S 10 P 0,0 0 0 0 0,100000,cape,str 99,,0,"shop61 ""Skill Cape Shop"" [555 Shop keeper] stock 100; levelup Strength>=99",Strength cape (RS2 9750),9750,inv 19067 / male 18954 / female 18989,H
14077,Str Cape (t),A 0/0/2/2/2 D 0/0/0/0/0 S 10 P 0,0 0 0 0 0,200000,cape,str 99,,0,"shop61 ""Skill Cape Shop"" [555 Shop keeper] stock 100; levelup Strength>=99; crate obj 10688 (no check)",Strength cape(t) (RS2 9751),9751,inv 19067 / male 18954 / female 18989,H
14078,Str Hood,A 1/1/1/0/0 D 0/0/0/0/0 S 2 P 0,0 0 0 0 0,100000,hat(mask),str 99,,0,"shop62 ""Hood Shop"" [561 Shop keeper] stock 100; levelup Strength>=99; crate obj 10688 (no check)",Strength hood (RS2 9752),9752,inv 19058 / male 18914 / female 18967,H
14079,Def Cape,A 0/0/0/0/0 D 5/5/5/5/5 S 5 P 5,0 0 0 0 0,100000,cape,def 99,,0,"shop61 ""Skill Cape Shop"" [555 Shop keeper] stock 100; levelup Defence>=99",Defence cape (RS2 9753),9753,inv 19051 / male 18928 / female 18973,H
14080,Def Cape (t),A 0/0/0/0/0 D 0/5/5/5/5 S 5 P 5,0 0 0 0 0,200000,cape,def 99,,0,"shop61 ""Skill Cape Shop"" [555 Shop keeper] stock 100; levelup Defence>=99",Defence cape(t) (RS2 9754),9754,inv 19051 / male 18928 / female 18973,H
14081,Def Hood,A 0/0/0/0/0 D 2/2/2/2/2 S 2 P 0,0 0 0 0 0,100000,hat(mask),def 99,,0,"shop62 ""Hood Shop"" [561 Shop keeper] stock 100; levelup Defence>=99",Defence hood (RS2 9755),9755,inv 19058 / male 18914 / female 18967,H
14082,Range Cape,A 0/0/0/0/15 D 0/0/0/0/0 S 0 P 0,0 0 0 0 0,100000,cape,ran 99,,0,"shop61 ""Skill Cape Shop"" [555 Shop keeper] stock 100; levelup Ranged>=99; crate obj 10689 (no check)",Ranging cape (RS2 9756),9756,inv 19063 / male 18948 / female 18985,H
14083,Range Cape (t),A 0/0/0/0/15 D 0/0/0/0/0 S 0 P 0,0 0 0 0 0,200000,cape,ran 99,,0,"shop61 ""Skill Cape Shop"" [555 Shop keeper] stock 100; levelup Ranged>=99; crate obj 10689 (no check)",Ranging cape(t) (RS2 9757),9757,inv 19063 / male 18948 / female 18985,H
14084,Range Hood,A 0/0/0/0/4 D 0/0/0/0/0 S 0 P 0,0 0 0 0 0,100000,hat(mask),ran 99,,0,"shop62 ""Hood Shop"" [561 Shop keeper] stock 100; levelup Ranged>=99; crate obj 10689 (no check)",Ranging hood (RS2 9758),9758,inv 19058 / male 18914 / female 18967,H
14085,Pray Cape,A 0/0/0/0/0 D 0/0/0/0/0 S 0 P 0,0 0 0 0 0,100000,cape,pra 99,,0,"shop61 ""Skill Cape Shop"" [555 Shop keeper] stock 100; levelup Prayer>=99",Prayer cape (RS2 9759),9759,inv 19061 / male 18945 / female 18983,H
14086,Prayer Cape (t),A 0/0/0/0/0 D 0/0/0/0/0 S 0 P 0,0 0 0 0 10,200000,cape,pra 99,,0,"shop61 ""Skill Cape Shop"" [555 Shop keeper] stock 100; levelup Prayer>=99",Prayer cape(t) (RS2 9760),9760,inv 19061 / male 18945 / female 18983,H
14087,Pray Hood,A 0/0/0/0/0 D 0/0/0/0/0 S 0 P 0,0 0 0 0 0,100000,hat(mask),pra 99,,0,"shop62 ""Hood Shop"" [561 Shop keeper] stock 100; levelup Prayer>=99",Prayer hood (RS2 9761),9761,inv 19058 / male 18914 / female 18967,H
14088,Magic Cape,A 0/0/0/12/0 D 0/0/0/0/0 S 0 P 5,0 0 0 0 0,100000,cape,mag 99,,0,"shop61 ""Skill Cape Shop"" [555 Shop keeper] stock 100; levelup Magic>=99; crate obj 10689 (no check)",Magic cape (RS2 9762),9762,inv 19059 / male 18915 / female 18981,H
14089,Magic Cape (t),A 0/0/0/0/12 D 0/0/0/0/0 S 0 P 5,0 0 0 0 0,200000,cape,mag 99,,0,"shop61 ""Skill Cape Shop"" [555 Shop keeper] stock 100; levelup Magic>=99 (x5); crate obj 10689 (no check)",Magic cape(t) (RS2 9763),9763,inv 19059 / male 18915 / female 18981,H
14090,Magic Hood,A 0/0/0/3/0 D 0/0/0/0/0 S 0 P 2,0 0 0 0 0,100000,hat(mask),mag 99,,0,"shop62 ""Hood Shop"" [561 Shop keeper] stock 100; crate obj 10689 (no check)",Magic hood (RS2 9764),9764,inv 19058 / male 18914 / female 18967,H
14091,Runecrafting Cape,A 0/0/0/0/0 D 0/0/0/0/0 S 0 P 0,0 0 0 0 0,200000,cape,-,,0,"shop61 ""Skill Cape Shop"" [555 Shop keeper] stock 100; levelup Runecrafting>=99",Runecraft cape (RS2 9765),9765,inv 19053 / male 18950 / female 18986,H
14092,Runecrafting Cape (t),A 0/0/0/0/0 D 0/0/0/0/0 S 0 P 0,0 0 0 0 0,200000,cape,-,,0,"shop61 ""Skill Cape Shop"" [555 Shop keeper] stock 100; levelup Runecrafting>=99",Runecraft cape(t) (RS2 9766),9766,inv 19053 / male 18950 / female 18986,H
14094,Hp Cape,A 0/0/0/0/0 D 0/0/0/0/0 S 0 P 0,0 0 0 0 0,100000,cape,hit 99,,0,"shop61 ""Skill Cape Shop"" [555 Shop keeper] stock 100; levelup Hitpoints>=99",Hitpoints cape (RS2 9768),9768,inv 19057 / male 18939 / female 18980,H
14095,Hitpoints Cape (t),A 0/0/0/0/0 D 0/0/0/0/0 S 0 P 0,0 0 0 0 0,200000,cape,hit 99,,0,"shop61 ""Skill Cape Shop"" [555 Shop keeper] stock 100; levelup Hitpoints>=99",Hitpoints cape(t) (RS2 9769),9769,inv 19057 / male 18939 / female 18980,H
14096,HP Hood,A 0/0/0/0/0 D 0/0/0/0/0 S 0 P 0,0 0 0 0 0,100000,hat(mask),hit 99,,0,"shop62 ""Hood Shop"" [561 Shop keeper] stock 100; levelup Hitpoints>=99",Hitpoints hood (RS2 9770),9770,inv 19058 / male 18914 / female 18967,H
14097,Agility Cape,A 0/0/0/0/0 D 0/0/0/0/0 S 0 P 0,0 0 0 0 0,200000,cape,-,,0,none (only ::pickup),Agility cape (RS2 9771),9771,inv 19046 / male 18918 / female 18968,H
14098,Agility Cape (t),A 0/0/0/0/0 D 0/0/0/0/0 S 0 P 0,0 0 0 0 0,200000,cape,-,,0,none (only ::pickup),Agility cape(t) (RS2 9772),9772,inv 19046 / male 18918 / female 18968,H
14099,Agility Hood,A 0/0/0/0/0 D 0/0/0/0/0 S 0 P 0,0 0 0 0 0,200000,hat,-,,0,none (only ::pickup),Agility hood (RS2 9773),9773,inv 19058 / male 18914 / female 18967,H
14100,Herblore Cape,A 0/0/0/0/0 D 0/0/0/0/0 S 0 P 0,0 0 0 0 0,200000,cape,-,,0,"shop62 ""Hood Shop"" [561 Shop keeper] stock 100; levelup Herblore>=99",Herblore cape (RS2 9774),9774,inv 19056 / male 18938 / female 18978,H
14101,Herblore Cape (t),A 0/0/0/0/0 D 0/0/0/0/0 S 0 P 0,0 0 0 0 0,200000,cape,-,,0,"shop62 ""Hood Shop"" [561 Shop keeper] stock 100; levelup Herblore>=99",Herblore cape(t) (RS2 9775),9775,inv 19056 / male 18938 / female 18978,H
14102,Herblore Hood,A 0/0/0/0/0 D 0/0/0/0/0 S 0 P 0,0 0 0 0 0,200000,hat(mask),-,,0,"shop62 ""Hood Shop"" [561 Shop keeper] stock 100; levelup Herblore>=99",Herblore hood (RS2 9776),9776,inv 19058 / male 18914 / female 18967,H
14103,Thieve Cape,A 0/0/0/0/0 D 0/0/0/0/0 S 0 P 0,0 0 0 0 0,100000,cape,thi 99,,0,"shop61 ""Skill Cape Shop"" [555 Shop keeper] stock 100; levelup Thieving>=99",Thieving cape (RS2 9777),9777,inv 19068 / male 18956 / female 18990,H
14104,Thieving Cape (t),A 0/0/0/0/0 D 0/0/0/0/0 S 0 P 0,0 0 0 0 0,200000,cape,thi 99,,0,"shop61 ""Skill Cape Shop"" [555 Shop keeper] stock 100; levelup Thieving>=99",Thieving cape(t) (RS2 9778),9778,inv 19068 / male 18956 / female 18990,H
14105,Thieve Hood,A 0/0/0/0/0 D 0/0/0/0/0 S 0 P 0,0 0 0 0 0,100000,hat(mask),thi 99,,0,"shop62 ""Hood Shop"" [561 Shop keeper] stock 100; levelup Thieving>=99",Thieving hood (RS2 9779),9779,inv 19058 / male 18914 / female 18967,H
14106,Crafting Cape (t),A 0/0/0/0/0 D 0/0/0/0/0 S 0 P 0,0 0 0 0 0,200000,cape,-,,0,"shop61 ""Skill Cape Shop"" [555 Shop keeper] stock 100; levelup Crafting>=99",Crafting cape (RS2 9780),9780,inv 19050 / male 18925 / female 18972,H
14107,Crafting Cape (t),A 0/0/0/0/0 D 0/0/0/0/0 S 0 P 0,0 0 0 0 0,200000,cape,-,,0,"shop61 ""Skill Cape Shop"" [555 Shop keeper] stock 100; levelup Crafting>=99",Crafting cape(t) (RS2 9781),9781,inv 19050 / male 18925 / female 18972,H
14108,Crafting Hood,A 0/0/0/0/0 D 0/0/0/0/0 S 0 P 0,0 0 0 0 0,100000,hat(mask),-,,0,"shop62 ""Hood Shop"" [561 Shop keeper] stock 100; levelup Crafting>=99",Crafting hood (RS2 9782),9782,inv 19058 / male 18914 / female 18967,H
14109,Fletch Cape,A 0/0/0/0/0 D 0/0/0/0/0 S 0 P 0,0 0 0 0 0,100000,cape,fle 99,,0,"shop61 ""Skill Cape Shop"" [555 Shop keeper] stock 100; levelup Fletching>=99",Fletching cape (RS2 9783),9783,inv 19055 / male 18935 / female 18977,H
14110,Fletching Cape (t),A 0/0/0/0/0 D 0/0/0/0/0 S 0 P 0,0 0 0 0 0,200000,cape,fle 99,,0,"shop61 ""Skill Cape Shop"" [555 Shop keeper] stock 100",Fletching cape(t) (RS2 9784),9784,inv 19055 / male 18935 / female 18977,H
14111,Fletch Hood,A 0/0/0/0/0 D 0/0/0/0/0 S 0 P 0,0 0 0 0 0,100000,hat(mask),fle 99,,0,"shop62 ""Hood Shop"" [561 Shop keeper] stock 100; levelup Fletching>=99",Fletching hood (RS2 9785),9785,inv 19058 / male 18914 / female 18967,H
14112,Slayer Cape,A 0/0/0/0/0 D 0/0/0/0/0 S 0 P 0,0 0 0 0 0,100000,cape,sla 99,,0,"shop61 ""Skill Cape Shop"" [555 Shop keeper] stock 100; levelup Slayer>=99",Slayer cape (RS2 9786),9786,inv 19065 / male 18951 / female 18987,H
14113,Slayer Cape (t),A 0/0/0/0/0 D 0/0/0/0/0 S 0 P 0,0 0 0 0 0,200000,cape,sla 99,,0,"shop61 ""Skill Cape Shop"" [555 Shop keeper] stock 100; levelup Slayer>=99",Slayer cape(t) (RS2 9787),9787,inv 19065 / male 18951 / female 18987,H
14114,Slayer Hood,A 0/0/0/0/0 D 0/0/0/0/0 S 0 P 0,0 0 0 0 0,100000,hat(mask),sla 99,,0,"shop62 ""Hood Shop"" [561 Shop keeper] stock 100; levelup Slayer>=99",Slayer hood (RS2 9788),9788,inv 19058 / male 18914 / female 18967,H
14115,Construct. Cape,A 0/0/0/0/0 D 0/0/0/0/0 S 0 P 0,0 0 0 0 0,200000,cape,-,,0,none (only ::pickup),Construct. cape (RS2 9789),9789,inv 19045 / male 18916 / female 18970,H
14116,Construct. Cape (t),A 0/0/0/0/0 D 0/0/0/0/0 S 0 P 0,0 0 0 0 0,20000000,cape,-,,0,none (only ::pickup),Construct. cape(t) (RS2 9790),9790,inv 19045 / male 18916 / female 18970,H
14117,Construct. Hood,A 0/0/0/0/0 D 0/0/0/0/0 S 0 P 0,0 0 0 0 0,100000,hat(mask),-,,0,"shop62 ""Hood Shop"" [561 Shop keeper] stock 100",Construct. hood (RS2 9791),9791,inv 19058 / male 18914 / female 18967,H
14118,Mining Cape,A 0/0/0/0/0 D 0/0/0/0/0 S 0 P 0,0 0 0 0 0,200000,cape,-,,0,"shop61 ""Skill Cape Shop"" [555 Shop keeper] stock 100; levelup Mining>=99",Mining cape (RS2 9792),9792,inv 19060 / male 18942 / female 18982,H
14119,Mining Cape (t),A 0/0/0/0/0 D 0/0/0/0/0 S 0 P 0,0 0 0 0 0,200000,cape,-,,0,"shop61 ""Skill Cape Shop"" [555 Shop keeper] stock 100; levelup Mining>=99",Mining cape(t) (RS2 9793),9793,inv 19060 / male 18942 / female 18982,H
14120,Mining Hood,A 0/0/0/0/0 D 0/0/0/0/0 S 0 P 0,0 0 0 0 0,100000,hat(mask),-,,0,"shop62 ""Hood Shop"" [561 Shop keeper] stock 100; levelup Mining>=99",Mining hood (RS2 9794),9794,inv 19058 / male 18914 / female 18967,H
14121,Smith Cape,A 0/0/0/0/0 D 0/0/0/0/0 S 0 P 0,0 0 0 0 0,200000,cape,-,,0,"shop61 ""Skill Cape Shop"" [555 Shop keeper] stock 100; levelup Smithing>=99",Smithing cape (RS2 9795),9795,inv 19066 / male 18953 / female 18988,H
14121,Smithing Cape (DUPLICATE line 7618: ignored for name/bonuses; its col4 is the effective shop price),A 0/0/0/0/0,|,|,|,|,|,
14122,Smithing Cape (t),A 0/0/0/0/0 D 0/0/0/0/0 S 0 P 0,0 0 0 0 0,200000,cape,-,,0,"shop61 ""Skill Cape Shop"" [555 Shop keeper] stock 100; levelup Smithing>=99",Smithing cape(t) (RS2 9796),9796,inv 19066 / male 18953 / female 18988,H
14123,Smith Hood,A 0/0/0/0/0 D 0/0/0/0/0 S 0 P 0,0 10 0 0 0,100000,hat(mask),-,,0,"shop62 ""Hood Shop"" [561 Shop keeper] stock 100; levelup Smithing>=99",Smithing hood (RS2 9797),9797,inv 19058 / male 18914 / female 18967,H
14124,Fish Cape,A 0/0/0/0/0 D 0/0/0/0/0 S 0 P 0,0 0 0 0 0,200000,cape,fis 99,,0,"shop61 ""Skill Cape Shop"" [555 Shop keeper] stock 100; levelup Fishing>=99",Fishing cape (RS2 9798),9798,inv 19054 / male 18934 / female 18976,H
14124,Fishing Cape  (DUPLICATE line 7620: ignored for name/bonuses; its col4 is the effective shop price),A 0/0/0/0/0,|,|,|,|,|,
14125,Fishing Cape (t),A 0/0/0/0/0 D 0/0/0/0/0 S 0 P 0,0 0 0 0 0,200000,cape,fis 99,,0,"shop61 ""Skill Cape Shop"" [555 Shop keeper] stock 100; levelup Fishing>=99",Fishing cape(t) (RS2 9799),9799,inv 19054 / male 18934 / female 18976,H
14126,Fish Hood,A 0/0/0/0/0 D 0/0/0/0/0 S 0 P 0,0 0 0 0 0,100000,hat(mask),fis 99,,0,"shop62 ""Hood Shop"" [561 Shop keeper] stock 100; levelup Fishing>=99",Fishing hood (RS2 9800),9800,inv 19058 / male 18914 / female 18967,H
14127,Cook Cape,A 0/0/0/0/0 D 0/0/0/0/0 S 0 P 0,0 0 0 0 0,100000,cape,coo 99,,0,"shop61 ""Skill Cape Shop"" [555 Shop keeper] stock 100",Cooking cape (RS2 9801),9801,inv 19049 / male 18924 / female 18971,H
14128,Cooking Cape (t),A 0/0/0/0/0 D 0/0/0/0/0 S 0 P 0,0 0 0 0 0,200000,cape,coo 99,,0,"shop61 ""Skill Cape Shop"" [555 Shop keeper] stock 100; levelup Cooking>=99",Cooking cape(t) (RS2 9802),9802,inv 19049 / male 18924 / female 18971,H
14129,Cook Hood,A 0/0/0/0/0 D 0/0/0/0/0 S 0 P 0,0 0 0 0 0,100000,hat(mask),coo 99,,0,"shop62 ""Hood Shop"" [561 Shop keeper] stock 100",Cooking hood (RS2 9803),9803,inv 19058 / male 18914 / female 18967,H
14130,Firemaking Cape,A 0/0/0/0/0 D 0/0/0/0/0 S 0 P 0,0 0 0 0 0,200000,cape,-,,0,"shop61 ""Skill Cape Shop"" [555 Shop keeper] stock 100; levelup Firemaking>=99",Firemaking cape (RS2 9804),9804,inv 19048 / male 18932 / female 18975,H
14131,Firemaking Cape (t),A 0/0/0/0/0 D 0/0/0/0/0 S 0 P 0,0 0 0 0 0,200000,cape,-,,0,"shop61 ""Skill Cape Shop"" [555 Shop keeper] stock 100; levelup Firemaking>=99",Firemaking cape(t) (RS2 9805),9805,inv 19048 / male 18932 / female 18975,H
14132,Firemaking Hood,A 0/0/0/0/0 D 0/0/0/0/0 S 0 P 0,0 0 0 0 0,100000,hat(mask),-,,0,"shop62 ""Hood Shop"" [561 Shop keeper] stock 100; levelup Firemaking>=99",Firemaking hood (RS2 9806),9806,inv 19058 / male 18914 / female 18967,H
14133,Wc Cape,A 0/0/0/0/0 D 0/0/0/0/0 S 0 P 0,0 0 0 0 0,100000,cape,woo 99,,0,"shop61 ""Skill Cape Shop"" [555 Shop keeper] stock 100; levelup Woodcutting>=99",Woodcutting cape (RS2 9807),9807,inv 19064 / male 18955 / female 18991,H
14134,Woodcutting Cape (t),A 0/0/0/0/0 D 0/0/0/0/0 S 0 P 0,0 0 0 0 0,200000,cape,woo 99,,0,"shop61 ""Skill Cape Shop"" [555 Shop keeper] stock 100; levelup Woodcutting>=99",Woodcutting cape(t) (RS2 9808),9808,inv 19064 / male 18955 / female 18991,H
14135,Wc Hood,A 0/0/0/0/0 D 0/0/0/0/0 S 0 P 0,0 0 0 0 0,100000,hat(mask),woo 99,,0,"shop62 ""Hood Shop"" [561 Shop keeper] stock 100; levelup Woodcutting>=99",Woodcutting hood (RS2 9809),9809,inv 19058 / male 18914 / female 18967,H
14136,Farming Cape,A 0/0/0/0/0 D 0/0/0/0/0 S 0 P 0,0 0 0 0 0,200000,cape,far 99,,0,"shop61 ""Skill Cape Shop"" [555 Shop keeper] stock 100; levelup Farming>=99",Farming cape (RS2 9810),9810,inv 19052 / male 18929 / female 18974,H
14137,Farming Cape (t),A 0/0/0/0/0 D 0/0/0/0/0 S 0 P 0,0 0 0 0 0,200000,cape,far 99,,0,"shop61 ""Skill Cape Shop"" [555 Shop keeper] stock 100; levelup Farming>=99",Farming cape(t) (RS2 9811),9811,inv 19052 / male 18929 / female 18974,H
14138,Farming Hood,A 0/0/0/0/0 D 0/0/0/0/0 S 0 P 0,0 0 0 0 0,100000,hat(mask),far 99,,0,"shop62 ""Hood Shop"" [561 Shop keeper] stock 100; levelup Farming>=99",Farming hood (RS2 9812),9812,inv 19058 / male 18914 / female 18967,H
14139,Quest Points Cape,A 0/0/0/0/0 D 0/0/0/0/0 S 0 P 0,0 0 0 0 0,20000000,cape,-,,0,"shop61 ""Skill Cape Shop"" [555 Shop keeper] stock 100",Quest point cape (RS2 9813),9813,inv 19062 / male 18946 / female 18984,H
14140,Quest Point Hood,A 0/0/0/0/0 D 0/0/0/0/0 S 0 P 0,0 0 0 0 0,100000,hat(mask),-,,0,"shop62 ""Hood Shop"" [561 Shop keeper] stock 100",Quest point hood (RS2 9814),9814,inv 19058 / male 18914 / female 18967,H
14503,3rd Age Topp,A 35/35/35/35/35 D 35/35/35/35/35 S 35 P 35,35 35 35 35 35,34000000,chest,-,,1,"shop65 ""3rd Age Shop"" [558 Gerrant] stock 100; Black demon (84) 1/17",3rd age range top (RS2 10330),10330,"inv 20250 / male 20162,20126 / female 20208,20174",H
14504,3rd age Legs,A 31/31/31/31/31 D 31/31/31/31/31 S 31 P 31,31 31 31 31 31,27000000,legs,-,,1,"shop65 ""3rd Age Shop"" [558 Gerrant] stock 100; Black demon (84) 1/17",3rd age range legs (RS2 10332),10332,inv 20249 / male 20145 / female 20192,H
14505,3rd Age Coif,A 22/22/22/22/22 D 22/22/22/22/22 S 22 P 22,22 22 22 22 22,25000000,hat,-,,1,"shop65 ""3rd Age Shop"" [558 Gerrant] stock 100; Black demon (84) 1/17",3rd age range coif (RS2 10334),10334,inv 20248 / male 20136 / female 20189,H
14506,3rd age vambraces,A 0/0/0/0/30 D 0/30/30/30/30 S 0 P 0,0 0 0 0 0,15000000,hands,-,,1,"shop65 ""3rd Age Shop"" [558 Gerrant] stock 100; Skeleton hellhound (1575) 1/17",3rd age vambraces (RS2 10336),10336,inv 20251 / male 20130 / female 20182,H
14507,3rd Age Robe Top,A 0/0/0/0/0 D 0/0/0/0/0 S 0 P 0,0 0 0 0 0,600000,chest,-,,1,"shop65 ""3rd Age Shop"" [558 Gerrant] stock 100; Battle mage 912 1/31; Battle mage 913 1/31; Battle mage 914 1/31; Skeleton hellhound (1575) 1/17",3rd age robe top (RS2 10338),10338,"inv 20245 / male 20160,20124 / female 20207,20173",H
14508,3rd Age Robe,A 0/0/0/0/0 D 0/0/0/0/0 S 0 P 0,0 0 0 0 0,600000,legs,-,,1,"shop65 ""3rd Age Shop"" [558 Gerrant] stock 100; Battle mage 912 1/31; Battle mage 913 1/31; Battle mage 914 1/31; Skeleton hellhound (1575) 1/17",3rd age robe (RS2 10340),10340,inv 20244 / male 20143 / female 20191,H
14511,3rd Age Platelegs,A 0/0/0/0/0 D 0/0/0/0/0 S 0 P 0,0 0 0 0 0,900000,legs,-,,1,"shop65 ""3rd Age Shop"" [558 Gerrant] stock 100; shop66 ""Brett's Relleka Shop"" [681 Weapon poison salesman] stock 100; Battle mage 914 1/31",3rd age platelegs (RS2 10346),10346,inv 20221 / male 20138 / female 20190,H
14512,3rd Age Platebody,A 0/0/0/0/0 D 0/0/0/0/0 S 0 P 0,0 0 0 0 0,1000000,chest,-,,1,"shop65 ""3rd Age Shop"" [558 Gerrant] stock 100; shop66 ""Brett's Relleka Shop"" [681 Weapon poison salesman] stock 100; Battle mage 913 1/31",3rd age platebody (RS2 10348),10348,"inv 20223 / male 20154,20120 / female 20206,20172",H
14513,3rd Age Fullhelm,A 0/0/0/0/0 D 0/0/0/0/0 S 0 P 0,0 0 0 0 0,600000,hat,-,,1,"shop65 ""3rd Age Shop"" [558 Gerrant] stock 100; shop66 ""Brett's Relleka Shop"" [681 Weapon poison salesman] stock 100; Battle mage 912 1/31",3rd age full helmet (RS2 10350),10350,inv 20220 / male 20134 / female 20187,H
14514,3rd Age Kiteshield,A 0/0/0/0/0 D 0/0/0/0/0 S 0 P 0,0 0 0 0 0,600000,shield,-,,1,"shop65 ""3rd Age Shop"" [558 Gerrant] stock 100",3rd age kiteshield (RS2 10352),10352,inv 20222 / male 20167 / female 37258,H
14519,Amulet of glory(t),A 8/8/8/8/8 D 14/6/6/6/6 S 7 P 8,,30000000,amulet,-,,1,"shop48 ""Rares Shop!"" [554 Fancy dress shop owner] stock 100; King Black Dragon (50) 1/6",Amulet of glory(t) (RS2 10362),10362,inv 20219 / male 20147 / female 20203,H
14520,Amulet of strength(t),A 5/5/5/5/5 D 5/5/3/0/3 S 16 P 5,,30000000,amulet,-,,1,"shop48 ""Rares Shop!"" [554 Fancy dress shop owner] stock 100; Wishing well obj 884 (use 70M coins, 1h cooldown) 1/7",Strength amulet (t) (RS2 10364),10364,inv 20226 / male 20149 / female 20205,H
14521,Amulet of magic(t),A 0/0/0/0/0 D 0/0/0/25/0 S 0 P 0,,30000000,amulet,-,,1,"shop48 ""Rares Shop!"" [554 Fancy dress shop owner] stock 100; Arzinian Being (1859) 1/18",Amulet of magic (t) (RS2 10366),10366,inv 20225 / male 20148 / female 20204,H
14522,Zamorak Bracers,A 0/0/0/-10/11 D 6/5/7/8/0 S 0 P 0,0 0 0 0 0,1000000,hands,-,,1,"shop11 ""Range Shop"" [683 Bow and Arrow salesman] stock 100; shop53 ""God Shop"" [521 Shop assistant] stock 100",Zamorak bracers (RS2 10368),10368,inv 20264 / male 20129 / female 20180,H
14523,Zamorak Dragonhide,A 0/0/0/-15/30 D 55/47/60/50/55 S 0 P 0,0 0 0 0 0,5000000,chest,-,,1,"shop11 ""Range Shop"" [683 Bow and Arrow salesman] stock 100; shop53 ""God Shop"" [521 Shop assistant] stock 100",Zamorak d'hide body (RS2 10370),10370,"inv 20233 / male 20157,20121 / female 20213,20177",H
14524,Zamorak Chaps,A 0/0/0/-10/17 D 31/25/33/28/31 S 0 P 0,0 0 0 0 0,3000000,legs,-,,1,"shop11 ""Range Shop"" [683 Bow and Arrow salesman] stock 100; shop53 ""God Shop"" [521 Shop assistant] stock 100",Zamorak chaps (RS2 10372),10372,inv 20230 / male 20139 / female 20194,H
14525,Zamorak Coif,A 0/0/0/-1/7 D 4/7/10/4/8 S 0 P 0,0 0 0 0 0,2000000,hat,-,,1,"shop11 ""Range Shop"" [683 Bow and Arrow salesman] stock 100; shop53 ""God Shop"" [521 Shop assistant] stock 100",Zamorak coif (RS2 10374),10374,"inv 20231 / male 20131,230 / female 20184,403",H
14526,Guthix Bracers,A 0/0/0/-10/11 D 6/5/7/8/0 S 0 P 0,0 0 0 0 0,1000000,hands,-,,1,"shop11 ""Range Shop"" [683 Bow and Arrow salesman] stock 100; shop53 ""God Shop"" [521 Shop assistant] stock 100",Guthix bracers (RS2 10376),10376,inv 20264 / male 20129 / female 20180,H
14527,Guthix Dragonhide,A 0/0/0/-15/30 D 55/47/60/50/55 S 0 P 0,0 0 0 0 0,5000000,chest,-,,1,"shop11 ""Range Shop"" [683 Bow and Arrow salesman] stock 100; shop53 ""God Shop"" [521 Shop assistant] stock 100",Guthix d'hide body (RS2 10378),10378,"inv 20232 / male 20155,20121 / female 20211,20177",H
14528,Guthix Chaps,A 0/0/0/-10/17 D 31/25/33/28/31 S 0 P 0,0 0 0 0 0,3000000,legs,-,,1,"shop11 ""Range Shop"" [683 Bow and Arrow salesman] stock 100; shop53 ""God Shop"" [521 Shop assistant] stock 100",Guthix chaps (RS2 10380),10380,inv 20230 / male 20139 / female 20194,H
14529,Guthix Coif,A 0/0/0/-1/7 D 4/7/10/4/8 S 0 P 0,0 0 0 0 0,2000000,hat,-,,1,"shop11 ""Range Shop"" [683 Bow and Arrow salesman] stock 100; shop53 ""God Shop"" [521 Shop assistant] stock 100",Guthix coif (RS2 10382),10382,"inv 20231 / male 20131,230 / female 20184,403",H
14530,Saradomin Bracers,A 0/0/0/-10/11 D 6/5/7/8/0 S 0 P 0,0 0 0 0 0,1000000,hands,-,,1,"shop11 ""Range Shop"" [683 Bow and Arrow salesman] stock 100; shop53 ""God Shop"" [521 Shop assistant] stock 100",Saradomin bracers (RS2 10384),10384,inv 20264 / male 20129 / female 20180,H
14531,Saradomin Dragonhide,A 0/0/0/-15/30 D 55/47/60/50/55 S 0 P 0,0 0 0 0 0,5000000,chest,-,,1,"shop11 ""Range Shop"" [683 Bow and Arrow salesman] stock 100; shop53 ""God Shop"" [521 Shop assistant] stock 100",Saradomin d'hide body (RS2 10386),10386,"inv 20224 / male 20156,20121 / female 20212,20177",H
14532,Saradomin Chaps,A 0/0/0/-10/17 D 31/25/33/28/31 S 0 P 0,0 0 0 0 0,3000000,legs,-,,1,"shop11 ""Range Shop"" [683 Bow and Arrow salesman] stock 100; shop53 ""God Shop"" [521 Shop assistant] stock 100",Saradomin chaps (RS2 10388),10388,inv 20230 / male 20139 / female 20194,H
14533,Saradomin Coif,A 0/0/0/-1/7 D 4/7/10/4/8 S 0 P 0,0 0 0 0 0,2000000,hat,-,,1,"shop11 ""Range Shop"" [683 Bow and Arrow salesman] stock 100; shop53 ""God Shop"" [521 Shop assistant] stock 100",Saradomin coif (RS2 10390),10390,"inv 20231 / male 20131,230 / female 20184,403",H
14561,Saradomin Cloak,A 0/0/0/4/0 D 0/0/0/0/4 S 0 P 4,0 0 0 0 0,600000,cape,-,,1,"shop53 ""God Shop"" [521 Shop assistant] stock 100",Saradomin cloak (RS2 10446),10446,inv 20252 / male 20164 / female 20217,H
14562,Guthix Cloak,A 0/0/0/4/0 D 0/0/0/0/4 S 0 P 4,0 0 0 0 0,600000,cape,-,,0,"shop53 ""God Shop"" [521 Shop assistant] stock 100",Guthix cloak (RS2 10448),10448,inv 20239 / male 20165 / female 20216,H
14563,Zamorak Cloak,A 0/0/0/4/0 D 0/0/0/0/4 S 0 P 4,0 0 0 0 0,600000,cape,-,,1,"shop53 ""God Shop"" [521 Shop assistant] stock 100",Zamorak cloak (RS2 10450),10450,inv 20268 / male 20166 / female 20218,H
14564,Saradomin Mitre,A 0/0/0/4/0 D 0/0/0/0/4 S 0 P 4,0 0 0 0 0,600000,hat,-,,1,"shop53 ""God Shop"" [521 Shop assistant] stock 100",Saradomin mitre (RS2 10452),10452,"inv 20246 / male 20132,230 / female 20183,403",H
14566,Zamorak Mitre,A 0/0/0/4/0 D 0/0/0/0/4 S 0 P 4,0 0 0 0 0,600000,hat,-,,1,"shop53 ""God Shop"" [521 Shop assistant] stock 100",Zamorak mitre (RS2 10456),10456,"inv 20246 / male 20132,230 / female 20183,403",H
14567,Saradomin Robe Top,A 0/0/0/4/0 D 0/0/0/0/4 S 0 P 4,0 0 0 0 0,600000,chest(plate),-,,1,"shop53 ""God Shop"" [521 Shop assistant] stock 100",Saradomin robe top (RS2 10458),10458,"inv 20266 / male 20163,20127 / female 20209,20175",H
14568,Zamorak Robe Top,A 0/0/0/4/0 D 0/0/0/0/4 S 0 P 4,0 0 0 0 0,600000,chest(plate),-,,1,"shop53 ""God Shop"" [521 Shop assistant] stock 100",Zamorak robe top (RS2 10460),10460,"inv 20266 / male 20163,20127 / female 20209,20175",H
14569,Guthix Robe top,A 0/0/0/4/0 D 0/0/0/0/4 S 0 P 4,0 0 0 0 0,600000,chest(plate),-,,1,"shop53 ""God Shop"" [521 Shop assistant] stock 100",Guthix robe top (RS2 10462),10462,"inv 20266 / male 20163,20127 / female 20209,20175",H
14570,Saradomin Robe Legs,A 0/0/0/4/0 D 0/0/0/0/4 S 0 P 4,0 0 0 0 0,600000,legs,-,,1,"shop53 ""God Shop"" [521 Shop assistant] stock 100",Saradomin robe legs (RS2 10464),10464,inv 20265 / male 20146 / female 20193,H
14571,Guthix Robe Legs,A 0/0/0/4/0 D 0/0/0/0/4 S 0 P 4,0 0 0 0 0,600000,legs,-,,1,"shop53 ""God Shop"" [521 Shop assistant] stock 100",Guthix robe legs (RS2 10466),10466,inv 20265 / male 20146 / female 20193,H
14572,Zamorak Robe Legs,A 0/0/0/4/0 D 0/0/0/0/4 S 0 P 4,0 0 0 0 0,600000,legs,-,,1,"shop53 ""God Shop"" [521 Shop assistant] stock 100",Zamorak robe legs (RS2 10468),10468,inv 20265 / male 20146 / female 20193,H
14575,Guthix Mitre,A 0/0/0/4/0 D 0/0/0/0/4 S 0 P 4,0 0 0 0 0,600000,weapon,-,atk806 st808 wk819 rn824,0,none (only ::pickup),Zamorak stole (RS2 10474),10474,inv 20269 / male 20153 / female 20202,M
14638,Fighter Torso,A 0/0/0/0/0 D 0/0/0/0/10 S 10 P 0,10 15 0 0 0,965432,chest(plate),-,,1,"shop33 ""Allstar's Pking Shop"" [2167 Customer] stock 100; shop49 ""Allstar's Pk Shop"" [550 Lowe] stock 100; shop51 ""Pure Shop"" [1699 Ghost shopkeeper] stock 100",Fighter torso (RS2 10551),10551,"inv 20603 / male 19258,8779 / female 20516,32966",H
14724,Hunter Cape,A 0/0/0/0/0 D 0/0/0/0/0 S 0 P 0,0 0 0 0 0,1000000,cape,-,,0,none (only ::pickup),"Hunter cape (duplicate in RS2 10603-10807 block, OSRS-nulled)",9948,inv 19977 / male 19834 / female 19874,"L item.cfg name ""Hunter_Cape""; real hunter cape alias is 14234"
14860,Helmet of Neitznot,A 25/25/25/25/25 D 25/25/25/25/25 S 25 P 25,25 25 25 25 25,15000000,hat,-,,1,"shop50 ""Allstar's Shop!"" [520 Shop keeper] stock 1000; Jelly (1637) 1/30",Helm of neitiznot (RS2 10828),10828,inv 21938 / male 21873 / female 21906,H
14915,Barrelchest Anchor,A 31/21/35/13/25 D 17/12/12/13/12 S 65 P 13,12 16 65 12 12,11232321,weapon(2h-blocks-shield),att 60,atk406 st2065 wk2064 rn824; SPEC 50%:anim405 proj282 dmg 40+rand5,0,"shop50 ""Allstar's Shop!"" [520 Shop keeper] stock 100",Barrelchest anchor (RS2 10887),10887,inv 23133 / male 22787 / female 22787,H
15145,Dragon Arrow,A 35/35/35/35/35 D 35/35/35/35/35 S 35 P 35,35 35 35 35 35 35 35,1200,arrows,def 60,,0,none (only ::pickup),Dragon arrow (RS2 11212),11212,inv 26306 / male None / female None,H
15156,Dark Bow,A 40/40/40/40/40 D 40/150/40/40/40 S 40 P 40,40 40 40 40 40,4000000,weapon,ran 80,atk426 st808 wk819 rn824; SPEC 50%:anim426 darkbow(): PvP SpecDamg(50)x2 PvN SpecDamgNPC(45)x2 (+DDZ); proj380,0,"shop11 ""Range Shop"" [683 Bow and Arrow salesman] stock 100; shop33 ""Allstar's Pking Shop"" [2167 Customer] stock 100; shop49 ""Allstar's Pk Shop"" [550 Lowe] stock 100",Dark bow (RS2 11235),11235,inv 26386 / male 26279 / female 26279,H
15185,Dragon fire Shield,A 75/75/75/75/75 D 75/75/75/75/75 S 75 P 75,75 75 75 75 75,40000000,shield,def 60,,1,"shop50 ""Allstar's Shop!"" [520 Shop keeper] stock 300000; Wishing well obj 884 (use 70M coins, 1h cooldown) 1/7; Dagannoth Supreme (2881) 1/17",Dragonfire shield (RS2 11283),11283,inv 26457 / male 26423 / female 26423,H
15195,Dragon Full Helm,A 50/50/50/50/50 D 50/50/50/50/50 S 50 P 50,50 50 50 50 50,20000000,hat(mask),def 60,,1,"shop33 ""Allstar's Pking Shop"" [2167 Customer] stock 100; shop49 ""Allstar's Pk Shop"" [550 Lowe] stock 100; shop50 ""Allstar's Shop!"" [520 Shop keeper] stock 10; Wishing well obj 884 (use 70M coins, 1h cooldown) 1/7; Dagannoth Supreme (2881) 1/17; King Black Dragon (50) 1/6",Dragon full helm (RS2 11335),11335,inv 26662 / male 26632 / female 26658,H
15333,Armadyl Godsword,A 3/4/13/14/12 D 12/12/16/12/6 S 120 P 11,9 1,13200000,weapon,-,atk406 st808 wk819 rn824,1,none (only ::pickup),Armadyl godsword (RS2 11694),11802,inv 28075 / male 27649 / female 42644,H
15334,Bandos Godsword,A 3/4/13/14/12 D 12/12/16/12/6 S 120 P 11,9 1,65000000,weapon,att 80,atk407 st1662 wk1663 rn824; SPEC 50%:anim2890 proj436 dmg 40+rand5,1,"shop33 ""Allstar's Pking Shop"" [2167 Customer] stock 100; shop49 ""Allstar's Pk Shop"" [550 Lowe] stock 100; shop50 ""Allstar's Shop!"" [520 Shop keeper] stock 100; Wishing well obj 884 (use 70M coins, 1h cooldown) 1/7; Dagannoth Prime (2882) 1/17; King Black Dragon (50) 1/6; Key 758 on obj 4126 (key from Chaos Elemental 3200, 1/4)",Bandos godsword (RS2 11696),11804,inv 28059 / male 27648 / female 42637,H
15335,Saradomin Godsword,A 3/4/13/14/12 D 12/12/16/12/6 S 120 P 11,9 1,13200000,weapon,-,atk406 st808 wk819 rn824,1,none (only ::pickup),Saradomin godsword (RS2 11698),11806,inv 28070 / male 27651 / female 42649,H
15336,Zamorak GodSword,A 31/21/35/13/25 D 17/12/12/13/12 S 65 P 13,12 16 65 12 12,70000000,weapon,att 80,"atk407 st1662 wk1663 rn824; SPEC 50%:anim1499 gfx437/293/379 PvP proj282+497 PvN proj436 dmg 40+rand5 msg ""Everything starts to burn around you!!""",1,"shop33 ""Allstar's Pking Shop"" [2167 Customer] stock 100; shop33 ""Allstar's Pking Shop"" [2167 Customer] stock 100; shop50 ""Allstar's Shop!"" [520 Shop keeper] stock 100; Keep key 601 on obj 4126 (key from Chaos Elemental 3200, 1/4)",Zamorak godsword (RS2 11700),11808,inv 28060 / male 27653 / female 42624,H
15345,Armadyl Helmettttt,A 60/60/60/60/60 D 60/60/60/60/60 S 60 P 60,60 60 60 60 60,130000000,hat(mask),-,,1,"shop50 ""Allstar's Shop!"" [520 Shop keeper] stock 10; Arzinian Being (1859) 1/18",Armadyl helmet (RS2 11718),11826,inv 28043 / male 27623 / female 27639,H
15346,Armadyl chestplate,A 60/60/60/60/60 D 60/60/60/60/60 S 60 P 60,60 60 60 60 60,130000000,chest(plate),-,,1,"shop50 ""Allstar's Shop!"" [520 Shop keeper] stock 10; Wishing well obj 884 (use 70M coins, 1h cooldown) 1/7; Arzinian Being (1859) 1/18",Armadyl chestplate (RS2 11720),11828,"inv 28039 / male 27633,27629 / female 27645,28828",H
15347,Armadyl Plate legs,A 60/60/60/60/60 D 60/60/60/60/60 S 60 P 60,60 60 60 60 60,130000000,legs,-,,1,"shop50 ""Allstar's Shop!"" [520 Shop keeper] stock 10",Armadyl plateskirt (OSRS: chainskirt) (RS2 11722),11830,inv 28046 / male 27627 / female 27641,H
15348,Bandos Chestplate,A 75/75/75/75/75 D 75/75/75/75/75 S 75 P 75,75 75 75 75 75,45000000,chest,-,,1,"shop50 ""Allstar's Shop!"" [520 Shop keeper] stock 10; Wishing well obj 884 (use 70M coins, 1h cooldown) 1/7; Dagannoth Rex (2883) 1/18",Bandos chestplate (RS2 11724),11832,"inv 28042 / male 27636,28826 / female 27644,28827",H
15349,Bandos Tasset,A 45/45/45/45/45 D 45/45/45/45/45 S 45 P 45,45 45 45 45 45,32000000,legs,-,,1,"shop50 ""Allstar's Shop!"" [520 Shop keeper] stock 10; Dagannoth Rex (2883) 1/18",Bandos tassets (RS2 11726),11834,inv 28047 / male 27625 / female 27640,H
15350,Bandos Boots,A 30/30/30/30/30 D 30/30/30/30/30 S 30 P 30,30 30 30 30 30,15000000,feet,-,,1,"shop50 ""Allstar's Shop!"" [520 Shop keeper] stock 10; Dagannoth Prime (2882) 1/17",Bandos boots (RS2 11728),11836,inv 28040 / male 27637 / female 19951,H
15352,Dragon Boots,A 71/90/11/17/52 D 17/21/37/72/45 S 11 P 37,,162362,feet,def 60,,1,"shop33 ""Allstar's Pking Shop"" [2167 Customer] stock 100; shop49 ""Allstar's Pk Shop"" [550 Lowe] stock 100; shop50 ""Allstar's Shop!"" [520 Shop keeper] stock 100; Jogre (113) x3 rolls 1/9; King Black Dragon (50) 1/6",Dragon boots (RS2 11732),11840,inv 28044 / male 27638 / female 27646,H
15713,Summoning Cape,A 0/0/0/0/0 D 0/0/0/0/0 S 0 P 0,0 0 0 0 0,20000000,cape,-,,0,none (only ::pickup),Summoning cape (RS2 12169),-,,H no OSRS equivalent (Summoning); needs RS2 2008+ cache
15714,Summoning Skillcape,A 10/10/10/10/10 D 10/10/10/10/10 S 10 P 10,10 10 10 10 10,20000000,cape,-,,0,"shop61 ""Skill Cape Shop"" [555 Shop keeper] stock 100",Summoning cape(t) (RS2 12170),-,,H
15715,Summoning Skillhood,A 0/0/0/0/0 D 0/0/0/0/0 S 0 P 0,0 0 0 0 0,4000000,hat(mask),-,,0,"shop62 ""Hood Shop"" [561 Shop keeper] stock 100",Summoning hood (RS2 12171),-,,H
146143,Attacker Icon,A 0/0/0/0/0 D 0/0/0/0/0 S 0 P 0,0 0 0 0 0,100000000,weapon,-,atk806 st808 wk819 rn824,n/a,unreachable (id>20000/65535),Attacker icon (RS2 10556),10556,"inv 20578 / male 596,19260 / female 20517","H TYPO in item.cfg for 14643 (extra ""1""); id >65535 is unusable"
146144,Collector Icon,A 0/0/0/0/0 D 0/0/0/0/0 S 0 P 0,0 0 0 0 0,100000000,weapon,-,atk806 st808 wk819 rn824,n/a,unreachable (id>20000/65535),Collector icon (RS2 10557),10557,"inv 20578 / male 596,19259 / female 20518","H TYPO in item.cfg for 14644 (extra ""1""); id >65535 is unusable"
146145,Defender Icon,A 0/0/0/0/0 D 0/0/0/0/0 S 0 P 0,0 0 0 0 0,100000000,weapon,-,atk806 st808 wk819 rn824,n/a,unreachable (id>20000/65535),Defender icon (RS2 10558),10558,"inv 20578 / male 596,19261 / female 20519","H TYPO in item.cfg for 14645 (extra ""1""); id >65535 is unusable"
146146,Healer Icon,A 0/0/0/0/0 D 0/0/0/0/0 S 0 P 0,0 0 0 0 0,100000000,weapon,-,atk806 st808 wk819 rn824,n/a,unreachable (id>20000/65535),Healer icon (RS2 10559),10559,"inv 20578 / male 596,19262 / female 20520","H TYPO in item.cfg for 14646 (extra ""1""); id >65535 is unusable"
